{
    "version": "v1.0",
    "timestamp": "2025-12-11 15:59:30",
    "logistic_regression": {
        "params": {
            "C": 5,
            "penalty": "l2",
            "solver": "lbfgs"
        },
        "metrics": {
            "accuracy": 0.9809843400447428,
            "precision": 0.9646017699115044,
            "recall": 0.630057803468208,
            "f1": 0.7622377622377622,
            "roc_auc": 0.9826861371893891
        },
        "train_time_sec": 25.083015203475952
    },
    "random_forest": {
        "params": {
            "max_depth": null,
            "min_samples_split": 2,
            "n_estimators": 100
        },
        "metrics": {
            "accuracy": 0.9818232662192393,
            "precision": 1.0,
            "recall": 0.6242774566473989,
            "f1": 0.7686832740213523,
            "roc_auc": 0.970857913537698
        },
        "train_time_sec": 129.17014408111572
    },
    "bilstm": {
        "params": {
            "max_words": 20000,
            "max_len": 200,
            "embedding_dim": 100,
            "batch_size": 64,
            "epochs": 8
        },
        "metrics": {
            "accuracy": 0.9843400447427293,
            "precision": 0.8726114649681529,
            "recall": 0.791907514450867,
            "f1": 0.8303030303030303,
            "roc_auc": 0.9857300341928831
        },
        "train_time_sec": 207.31578707695007
    },
    "best_model": "BiLSTM (Embeddings)",
    "logistic_regression_cv": {
        "cv_acc_mean": 0.9801454138702461,
        "cv_acc_std": 0.002264928046008571,
        "cv_f1_mean": 0.7519588744588744,
        "cv_f1_std": 0.03690843552178165
    }
}